{"cameraMode":{"drawMode":0,"name":"Shaded","section":"Shading Mode"},"sceneLighting":true,"audioPlay":false,"sceneViewState":{"m_AlwaysRefresh":false,"showFog":true,"showSkybox":true,"showFlares":true,"showImageEffects":true,"showParticleSystems":true,"showVisualEffectGraphs":true,"m_FxEnabled":true},"in2DMode":false,"pivot":{"x":-0.07767194509506226,"y":0.2052915096282959,"z":0.26888349652290347},"rotation":{"x":0.04233930632472038,"y":-0.6192978024482727,"z":0.033474624156951907,"w":0.783298909664154},"size":2.2142059803009035,"orthographic":false}